Epoch,Time per Epoch (s),CPU Usage (MB),GPU Usage (MB)
1,0.44222474098205566,28.1,0.0
2,0.27157020568847656,63.3,0.0
