Label,Average Score,Standard Deviation,Number of Nodes
0,0.013552617,0.014097554,149
1,0.012437113,0.012907973,221
2,0.0,0.0,0
3,0.0130041605,0.012300958,1611
