Label,Average Score,Standard Deviation,Number of Nodes
0,0.14683229,0.19255549,149
1,0.65819126,0.26846245,221
2,0.99586153,0.0032198704,48
3,0.3705657,0.3119338,1563
